{
  "num_problems": 143,
  "mean_pass_at_1": 0.2818181818181819,
  "mean_pass_at_5": 0.42293817293817293,
  "mean_pass_at_10": 0.48951048951048953,
  "per_problem": {
    "p00022": {
      "n": 10,
      "correct": 7,
      "pass_at_1": 0.7,
      "pass_at_5": 1.0,
      "pass_at_10": 1.0
    },
    "p00067": {
      "n": 10,
      "correct": 5,
      "pass_at_1": 0.5,
      "pass_at_5": 0.996031746031746,
      "pass_at_10": 1.0
    },
    "p00070": {
      "n": 10,
      "correct": 0,
      "pass_at_1": 0.0,
      "pass_at_5": 0.0,
      "pass_at_10": 0.0
    },
    "p00193": {
      "n": 10,
      "correct": 2,
      "pass_at_1": 0.19999999999999996,
      "pass_at_5": 0.7777777777777778,
      "pass_at_10": 1.0
    },
    "p00215": {
      "n": 10,
      "correct": 0,
      "pass_at_1": 0.0,
      "pass_at_5": 0.0,
      "pass_at_10": 0.0
    },
    "p00219": {
      "n": 10,
      "correct": 10,
      "pass_at_1": 1.0,
      "pass_at_5": 1.0,
      "pass_at_10": 1.0
    },
    "p00360": {
      "n": 10,
      "correct": 10,
      "pass_at_1": 1.0,
      "pass_at_5": 1.0,
      "pass_at_10": 1.0
    },
    "p00481": {
      "n": 10,
      "correct": 10,
      "pass_at_1": 1.0,
      "pass_at_5": 1.0,
      "pass_at_10": 1.0
    },
    "p00520": {
      "n": 10,
      "correct": 0,
      "pass_at_1": 0.0,
      "pass_at_5": 0.0,
      "pass_at_10": 0.0
    },
    "p00626": {
      "n": 10,
      "correct": 2,
      "pass_at_1": 0.19999999999999996,
      "pass_at_5": 0.7777777777777778,
      "pass_at_10": 1.0
    },
    "p00652": {
      "n": 10,
      "correct": 0,
      "pass_at_1": 0.0,
      "pass_at_5": 0.0,
      "pass_at_10": 0.0
    },
    "p00654": {
      "n": 10,
      "correct": 0,
      "pass_at_1": 0.0,
      "pass_at_5": 0.0,
      "pass_at_10": 0.0
    },
    "p00730": {
      "n": 10,
      "correct": 0,
      "pass_at_1": 0.0,
      "pass_at_5": 0.0,
      "pass_at_10": 0.0
    },
    "p00740": {
      "n": 10,
      "correct": 0,
      "pass_at_1": 0.0,
      "pass_at_5": 0.0,
      "pass_at_10": 0.0
    },
    "p00745": {
      "n": 10,
      "correct": 0,
      "pass_at_1": 0.0,
      "pass_at_5": 0.0,
      "pass_at_10": 0.0
    },
    "p00760": {
      "n": 10,
      "correct": 0,
      "pass_at_1": 0.0,
      "pass_at_5": 0.0,
      "pass_at_10": 0.0
    },
    "p00771": {
      "n": 10,
      "correct": 0,
      "pass_at_1": 0.0,
      "pass_at_5": 0.0,
      "pass_at_10": 0.0
    },
    "p00884": {
      "n": 10,
      "correct": 0,
      "pass_at_1": 0.0,
      "pass_at_5": 0.0,
      "pass_at_10": 0.0
    },
    "p00894": {
      "n": 10,
      "correct": 0,
      "pass_at_1": 0.0,
      "pass_at_5": 0.0,
      "pass_at_10": 0.0
    },
    "p00909": {
      "n": 10,
      "correct": 9,
      "pass_at_1": 0.9,
      "pass_at_5": 1.0,
      "pass_at_10": 1.0
    },
    "p03456": {
      "n": 10,
      "correct": 7,
      "pass_at_1": 0.7,
      "pass_at_5": 1.0,
      "pass_at_10": 1.0
    },
    "p03457": {
      "n": 10,
      "correct": 3,
      "pass_at_1": 0.30000000000000004,
      "pass_at_5": 0.9166666666666666,
      "pass_at_10": 1.0
    },
    "p03468": {
      "n": 10,
      "correct": 0,
      "pass_at_1": 0.0,
      "pass_at_5": 0.0,
      "pass_at_10": 0.0
    },
    "p03471": {
      "n": 10,
      "correct": 0,
      "pass_at_1": 0.0,
      "pass_at_5": 0.0,
      "pass_at_10": 0.0
    },
    "p03478": {
      "n": 10,
      "correct": 1,
      "pass_at_1": 0.09999999999999998,
      "pass_at_5": 0.5,
      "pass_at_10": 1.0
    },
    "p03480": {
      "n": 10,
      "correct": 0,
      "pass_at_1": 0.0,
      "pass_at_5": 0.0,
      "pass_at_10": 0.0
    },
    "p03481": {
      "n": 10,
      "correct": 10,
      "pass_at_1": 1.0,
      "pass_at_5": 1.0,
      "pass_at_10": 1.0
    },
    "p03495": {
      "n": 10,
      "correct": 1,
      "pass_at_1": 0.09999999999999998,
      "pass_at_5": 0.5,
      "pass_at_10": 1.0
    },
    "p03496": {
      "n": 10,
      "correct": 0,
      "pass_at_1": 0.0,
      "pass_at_5": 0.0,
      "pass_at_10": 0.0
    },
    "p03508": {
      "n": 10,
      "correct": 0,
      "pass_at_1": 0.0,
      "pass_at_5": 0.0,
      "pass_at_10": 0.0
    },
    "p03516": {
      "n": 10,
      "correct": 3,
      "pass_at_1": 0.30000000000000004,
      "pass_at_5": 0.9166666666666666,
      "pass_at_10": 1.0
    },
    "p03550": {
      "n": 10,
      "correct": 0,
      "pass_at_1": 0.0,
      "pass_at_5": 0.0,
      "pass_at_10": 0.0
    },
    "p03567": {
      "n": 10,
      "correct": 0,
      "pass_at_1": 0.0,
      "pass_at_5": 0.0,
      "pass_at_10": 0.0
    },
    "p03597": {
      "n": 10,
      "correct": 7,
      "pass_at_1": 0.7,
      "pass_at_5": 1.0,
      "pass_at_10": 1.0
    },
    "p03600": {
      "n": 10,
      "correct": 0,
      "pass_at_1": 0.0,
      "pass_at_5": 0.0,
      "pass_at_10": 0.0
    },
    "p03621": {
      "n": 10,
      "correct": 9,
      "pass_at_1": 0.9,
      "pass_at_5": 1.0,
      "pass_at_10": 1.0
    },
    "p03727": {
      "n": 10,
      "correct": 0,
      "pass_at_1": 0.0,
      "pass_at_5": 0.0,
      "pass_at_10": 0.0
    },
    "p03728": {
      "n": 10,
      "correct": 0,
      "pass_at_1": 0.0,
      "pass_at_5": 0.0,
      "pass_at_10": 0.0
    },
    "p03731": {
      "n": 10,
      "correct": 8,
      "pass_at_1": 0.8,
      "pass_at_5": 1.0,
      "pass_at_10": 1.0
    },
    "p03735": {
      "n": 10,
      "correct": 0,
      "pass_at_1": 0.0,
      "pass_at_5": 0.0,
      "pass_at_10": 0.0
    },
    "p03737": {
      "n": 10,
      "correct": 0,
      "pass_at_1": 0.0,
      "pass_at_5": 0.0,
      "pass_at_10": 0.0
    },
    "p03769": {
      "n": 10,
      "correct": 0,
      "pass_at_1": 0.0,
      "pass_at_5": 0.0,
      "pass_at_10": 0.0
    },
    "p03774": {
      "n": 10,
      "correct": 2,
      "pass_at_1": 0.19999999999999996,
      "pass_at_5": 0.7777777777777778,
      "pass_at_10": 1.0
    },
    "p03795": {
      "n": 10,
      "correct": 10,
      "pass_at_1": 1.0,
      "pass_at_5": 1.0,
      "pass_at_10": 1.0
    },
    "p03799": {
      "n": 10,
      "correct": 0,
      "pass_at_1": 0.0,
      "pass_at_5": 0.0,
      "pass_at_10": 0.0
    },
    "p03801": {
      "n": 10,
      "correct": 7,
      "pass_at_1": 0.7,
      "pass_at_5": 1.0,
      "pass_at_10": 1.0
    },
    "p03816": {
      "n": 10,
      "correct": 0,
      "pass_at_1": 0.0,
      "pass_at_5": 0.0,
      "pass_at_10": 0.0
    },
    "p03818": {
      "n": 10,
      "correct": 1,
      "pass_at_1": 0.09999999999999998,
      "pass_at_5": 0.5,
      "pass_at_10": 1.0
    },
    "p03820": {
      "n": 10,
      "correct": 4,
      "pass_at_1": 0.4,
      "pass_at_5": 0.9761904761904762,
      "pass_at_10": 1.0
    },
    "p03852": {
      "n": 10,
      "correct": 10,
      "pass_at_1": 1.0,
      "pass_at_5": 1.0,
      "pass_at_10": 1.0
    },
    "p03909": {
      "n": 10,
      "correct": 0,
      "pass_at_1": 0.0,
      "pass_at_5": 0.0,
      "pass_at_10": 0.0
    },
    "p03915": {
      "n": 10,
      "correct": 0,
      "pass_at_1": 0.0,
      "pass_at_5": 0.0,
      "pass_at_10": 0.0
    },
    "p03920": {
      "n": 10,
      "correct": 2,
      "pass_at_1": 0.19999999999999996,
      "pass_at_5": 0.7777777777777778,
      "pass_at_10": 1.0
    },
    "p03937": {
      "n": 10,
      "correct": 0,
      "pass_at_1": 0.0,
      "pass_at_5": 0.0,
      "pass_at_10": 0.0
    },
    "p03942": {
      "n": 10,
      "correct": 1,
      "pass_at_1": 0.09999999999999998,
      "pass_at_5": 0.5,
      "pass_at_10": 1.0
    },
    "p03944": {
      "n": 10,
      "correct": 0,
      "pass_at_1": 0.0,
      "pass_at_5": 0.0,
      "pass_at_10": 0.0
    },
    "p03952": {
      "n": 10,
      "correct": 0,
      "pass_at_1": 0.0,
      "pass_at_5": 0.0,
      "pass_at_10": 0.0
    },
    "p03953": {
      "n": 10,
      "correct": 0,
      "pass_at_1": 0.0,
      "pass_at_5": 0.0,
      "pass_at_10": 0.0
    },